Indicatortype,Indicator,Description
FileHash-MD5,029456110598a8fddefbf942d6f50cc4,MD5 of 69f24956fb75beb9b93ef974d873914500e35601
FileHash-MD5,0454b399ff8055ab2d949763e8add747,MD5 of 963a86aab1e450b03d51628797572fe9da8410a2
FileHash-MD5,12529a0e7102d9dc87664f631e489a0a,MD5 of e2bcdfbda85c55a4d6070c18723ba4adb7631807
FileHash-MD5,13865811ce54416bb7dde6ae4807b1b6,MD5 of 7a5d57c7e2b0c8ab7d60f7a7c7f4649f33fea8aa
FileHash-MD5,15166ba6354f410fa7c7b6b4ecd70340,MD5 of 9a5f6a641cc170435f52c6a759709a62ad5757c7
FileHash-MD5,19d3db82d16942b3c338439a36f20453,MD5 of dabb4372050264f389b8adcf239366860662ac52
FileHash-MD5,1c7d23ab18ea9d940eca730756975873,MD5 of 338af1d91b846f2238d5a518f951050f90693488
FileHash-MD5,20b09b5606562c190c06559c12624334,MD5 of 0be69bb9836b2a266bfd9a8b93bb412b6e4ce1be
FileHash-MD5,22574a67e1514831e021bd1cb7e4ffbd,MD5 of 9121509d674091ce1f5f30e9a372b5dcf9bcd257
FileHash-MD5,352715d5770b53768bf9f23d810ad55f,MD5 of 831dc7bc4a234907d94a889bcb60b7bedf1a1e13
FileHash-MD5,3854d3dc02d50d441e9e8344a2257952,MD5 of e7158bb75adf27262ec3b0f2ca73c802a6222379
FileHash-MD5,3894fb9190a471d6471016a40cd6c6c7,MD5 of 7e69cb4f9c37fad13de85e91b5a05a816d14f490
FileHash-MD5,3afac3ace4f93c95b98c4fb5e8ee8a99,MD5 of 7f9694b46227a8ebc67745e533bc0c5f38fdfa59
FileHash-MD5,3e1db8065824f659baeb0e826ad71086,MD5 of be234cb6819039d6a1d3b1a205b9f74b6935bbcc
FileHash-MD5,407decd1a87626287603f2f07152647d,MD5 of 9676f0758c8e8d0e0d203c75b922bcd0aeaa0873
FileHash-MD5,424e5dd088121e366d96f3227aea7af2,MD5 of 5933f1a20117d48985b60b10b5e42416ac00e018
FileHash-MD5,5dcf7c3e8f2426aa997f36ce4fff8314,MD5 of 89301dfdc5361f1650796fecdac30b7d86c65122
FileHash-MD5,606bce13161693844b9eb36c96554883,MD5 of 72167ec09d62cdfb04698c3f96a6131dceb24a9c
FileHash-MD5,69d9665e77ce0c95c12835ac86933216,MD5 of b02922869e86ad06ff6380e8ec0be8db38f5002b
FileHash-MD5,6b04101ac3631e7f526901266dc807f1,MD5 of d9f1392fb7ed010a0ecc4f819782c179efde9687
FileHash-MD5,89bf69c99b92524189b5af980eeb68b1,MD5 of d5971e8a3e8577dbb6f5a9aad248c842a33e7a26
FileHash-MD5,91d9e9c090f8b0058d0435e7b3732f9e,MD5 of 7f8f43326f1ce505a8cd9f469a2ded81fa5c81be
FileHash-MD5,9665d42cd8c9ef7b513baaf15e049218,MD5 of 5304031dc990790a26184b05b3019b2c5fa7022a
FileHash-MD5,9676cd8462dc557a07d91e7bee108916,MD5 of ca59874172660e6180af2815c3a42c85169aa0b2
FileHash-MD5,a7646fb298adc9d9e32bc023da16fd56,MD5 of 0df7e1d3b3d54336d986574441778c827ff84bf2
FileHash-MD5,b7cb512be2f564a77608b4ffd57af9da,MD5 of cd8f41b91e8f1d8625e076f0a161e46e32c62bbf
FileHash-MD5,b93d7b7b30207249c1c683df16bad107,MD5 of fd1cef5abe3e0c275671916a1f3a566f13489416
FileHash-MD5,b961ec199c455a34892c19c61616e4ae,MD5 of 469236d0054a270e117a2621f70f2a494e7fb823
FileHash-MD5,bc0d533a89e7994909edb210fa367ede,MD5 of 27b101707b958139c32388eb4fd79fcd133ed880
FileHash-MD5,ca86579220eecfaede268d1520d07fae,MD5 of ac08406818bbf4fe24ea04bfd72f747c89174bdb
FileHash-MD5,cdc7ae6934b904c62c942b6803ee31d6,MD5 of 8a1b32ab8c2a889985e530425ae00f4428c575cc
FileHash-MD5,d6d32d51272c4651c46758642215a1fc,MD5 of 0738687206a88ecbee176e05e0518effa4ca4166
FileHash-MD5,e169d95fffd8ab489f5eae02365d39ca,MD5 of ed4f16b36bc47a701814b63e30d8ea7a226ca906
FileHash-MD5,e2699d59c3602893698c5958f485c6c2,MD5 of 3cc19cef767dee93588525c74fe9c1f1bf6f8007
FileHash-MD5,f562b5c534b1979af06159ce65920bdd,MD5 of a1a85cba1bc4ac9f6eafc548b1454f57b4dff7e0
FileHash-MD5,f8800dd176487601ccf2e27c094b297b,MD5 of e0e42ac374443500c236721341612865cd3d1eec
FileHash-MD5,f90b544f89cfbe38aee18024d7c39e40,MD5 of 182760cbe11fa0316abfb8b7b00b63f83159f5aa
FileHash-MD5,fd5d532053e0ecb89e589a1024ae791e,MD5 of 7e1870a5b24c78a5e357568969aae3a5e7ab857d
FileHash-SHA1,0738687206a88ecbee176e05e0518effa4ca4166,
FileHash-SHA1,0be69bb9836b2a266bfd9a8b93bb412b6e4ce1be,
FileHash-SHA1,0df7e1d3b3d54336d986574441778c827ff84bf2,
FileHash-SHA1,182760cbe11fa0316abfb8b7b00b63f83159f5aa,
FileHash-SHA1,27b101707b958139c32388eb4fd79fcd133ed880,
FileHash-SHA1,338af1d91b846f2238d5a518f951050f90693488,
FileHash-SHA1,3cc19cef767dee93588525c74fe9c1f1bf6f8007,
FileHash-SHA1,469236d0054a270e117a2621f70f2a494e7fb823,
FileHash-SHA1,5304031dc990790a26184b05b3019b2c5fa7022a,
FileHash-SHA1,574bbb76ef147b95dfdf11069aaaa90df968e542,
FileHash-SHA1,5933f1a20117d48985b60b10b5e42416ac00e018,
FileHash-SHA1,69f24956fb75beb9b93ef974d873914500e35601,
FileHash-SHA1,72167ec09d62cdfb04698c3f96a6131dceb24a9c,
FileHash-SHA1,7a5d57c7e2b0c8ab7d60f7a7c7f4649f33fea8aa,
FileHash-SHA1,7e1870a5b24c78a5e357568969aae3a5e7ab857d,
FileHash-SHA1,7e69cb4f9c37fad13de85e91b5a05a816d14f490,
FileHash-SHA1,7f8f43326f1ce505a8cd9f469a2ded81fa5c81be,
FileHash-SHA1,7f9694b46227a8ebc67745e533bc0c5f38fdfa59,
FileHash-SHA1,831dc7bc4a234907d94a889bcb60b7bedf1a1e13,
FileHash-SHA1,89301dfdc5361f1650796fecdac30b7d86c65122,
FileHash-SHA1,8a1b32ab8c2a889985e530425ae00f4428c575cc,
FileHash-SHA1,8e7b4a0d9a73ec891edf5b2839602ccab4af5bdf,
FileHash-SHA1,9121509d674091ce1f5f30e9a372b5dcf9bcd257,
FileHash-SHA1,963a86aab1e450b03d51628797572fe9da8410a2,
FileHash-SHA1,9676f0758c8e8d0e0d203c75b922bcd0aeaa0873,
FileHash-SHA1,9a5f6a641cc170435f52c6a759709a62ad5757c7,
FileHash-SHA1,a1a85cba1bc4ac9f6eafc548b1454f57b4dff7e0,
FileHash-SHA1,a7f5bf893efa3f6b489efe24195c05ff87585fe3,
FileHash-SHA1,ac08406818bbf4fe24ea04bfd72f747c89174bdb,
FileHash-SHA1,acf1b5b47789badb519ff60dc93afa9e43bbb376,
FileHash-SHA1,b02922869e86ad06ff6380e8ec0be8db38f5002b,
FileHash-SHA1,b74702c9b82f23ebf76805f1853bc72236bee57c,
FileHash-SHA1,be234cb6819039d6a1d3b1a205b9f74b6935bbcc,
FileHash-SHA1,ca59874172660e6180af2815c3a42c85169aa0b2,
FileHash-SHA1,cd8f41b91e8f1d8625e076f0a161e46e32c62bbf,
FileHash-SHA1,d5971e8a3e8577dbb6f5a9aad248c842a33e7a26,
FileHash-SHA1,d9f1392fb7ed010a0ecc4f819782c179efde9687,
FileHash-SHA1,dabb4372050264f389b8adcf239366860662ac52,
FileHash-SHA1,e0e42ac374443500c236721341612865cd3d1eec,
FileHash-SHA1,e2bcdfbda85c55a4d6070c18723ba4adb7631807,
FileHash-SHA1,e7158bb75adf27262ec3b0f2ca73c802a6222379,
FileHash-SHA1,ed4f16b36bc47a701814b63e30d8ea7a226ca906,
FileHash-SHA1,fd1cef5abe3e0c275671916a1f3a566f13489416,
FileHash-SHA256,07d206664a8d397273e69ce37ef7cf933c22e93b62d95b673d6e835876feba06,SHA256 of be234cb6819039d6a1d3b1a205b9f74b6935bbcc
FileHash-SHA256,0d6964fe763c2e6404cde68af2c5f86d34cf50a88bd81bc06bba739010821db0,SHA256 of d9f1392fb7ed010a0ecc4f819782c179efde9687
FileHash-SHA256,123543c7a5523a15a933e32477b8cba4cd79a680bb69ef2dba178700bfb9ec07,SHA256 of e7158bb75adf27262ec3b0f2ca73c802a6222379
FileHash-SHA256,38106b043ede31a66596299f17254d3f23cbe1f983674bf9ead5006e0f0bf880,SHA256 of 72167ec09d62cdfb04698c3f96a6131dceb24a9c
FileHash-SHA256,3b6f30369a4ee8bf9409d141b6d1b3fb4286c34984b5de005ed7431df549b17e,SHA256 of 5304031dc990790a26184b05b3019b2c5fa7022a
FileHash-SHA256,3d41cd5199dbd6cefcc78d53bb44a2ecbea716de2bc8e547ead7c2aebd9925f0,SHA256 of 7e69cb4f9c37fad13de85e91b5a05a816d14f490
FileHash-SHA256,3f0d5ddca2657044f4763ae53c4f33c8a7814ba451b60d24430a126674125624,SHA256 of 338af1d91b846f2238d5a518f951050f90693488
FileHash-SHA256,46db9f2fc879bf643a8f05e2b35879b235cbb04aa06fe548f0bc7c7c02483cf3,SHA256 of 963a86aab1e450b03d51628797572fe9da8410a2
FileHash-SHA256,4f49514ab1794177a61c50c63b93b903c46f9b914c32ebe9c96aa3cbc1f99b16,SHA256 of cd8f41b91e8f1d8625e076f0a161e46e32c62bbf
FileHash-SHA256,5b44a72ac38c9adeba133b516250f53d3cd13f4018cff7daf44a328ebc6c5ad0,SHA256 of 0df7e1d3b3d54336d986574441778c827ff84bf2
FileHash-SHA256,5f00106f7f15e0ca00df4dbb0eeccd57930b4b81bc9aa3fca0c5af4eda339ab7,SHA256 of 7f8f43326f1ce505a8cd9f469a2ded81fa5c81be
FileHash-SHA256,61772375af1884fe73c5d154b8637dd62f26d23bc38d18462a88e2bbed483fd7,SHA256 of 9a5f6a641cc170435f52c6a759709a62ad5757c7
FileHash-SHA256,6ca3a2f4cef27dac9d28c1ec2b29a8fa09dfc6dbbaf58e00dddbf5c1dd3b3cc3,SHA256 of 7e1870a5b24c78a5e357568969aae3a5e7ab857d
FileHash-SHA256,7887638bcafd57e2896c7c16698e927ce92fd7d409aae698d33cdca3ce8d25b8,SHA256 of ed4f16b36bc47a701814b63e30d8ea7a226ca906
FileHash-SHA256,78e877337902c67fb93c5fdc3b1d9710292a29b97dc98f3cc319ac3edbb760a4,SHA256 of b02922869e86ad06ff6380e8ec0be8db38f5002b
FileHash-SHA256,7981ebf35b5eff8be2f3849c8f3085b9cec10d9759ff4d3afd46990520de0407,SHA256 of ac08406818bbf4fe24ea04bfd72f747c89174bdb
FileHash-SHA256,7c66d2d75be43d2c17e75d37c39344a9b5d29ee5c5861f178aa7d9f34208eb48,SHA256 of dabb4372050264f389b8adcf239366860662ac52
FileHash-SHA256,7e2b38decf1f826fbb792d762d9e6a29147e9ecb44eb2ad2c4dc08e7ee01a140,SHA256 of 0be69bb9836b2a266bfd9a8b93bb412b6e4ce1be
FileHash-SHA256,7fccc871c889a4f4c13a977fdd5f062d6de23c3ffd27e72661c986fae6370387,SHA256 of 831dc7bc4a234907d94a889bcb60b7bedf1a1e13
FileHash-SHA256,83f457bc81514ec5e3ea123fc237811a36da6ce7f975ad56d62e34af4d1f37c0,SHA256 of 89301dfdc5361f1650796fecdac30b7d86c65122
FileHash-SHA256,8e234482db790fa0a3d2bf5f7084ec4cfb74bffd5f6cbdc5abdbc1350f58e3fe,SHA256 of 469236d0054a270e117a2621f70f2a494e7fb823
FileHash-SHA256,8fd5f4aa9d74375b8970844a9d6c479bc7dfa257132ee8a25d5cd404e19168c8,SHA256 of 7f9694b46227a8ebc67745e533bc0c5f38fdfa59
FileHash-SHA256,9525f5081a5a7ab7d35cf2fb2d7524e0777e37fe3df62730e1e7de50506850f7,SHA256 of ca59874172660e6180af2815c3a42c85169aa0b2
FileHash-SHA256,9ca914b1cfa8c0ba021b9e00bda71f36cad132f27cf16bda6d937badee66c747,SHA256 of 182760cbe11fa0316abfb8b7b00b63f83159f5aa
FileHash-SHA256,b448381f244dc0072abd4f52e01ca93efaebb2c0a8ea8901c4725ecb1b2b0656,SHA256 of a1a85cba1bc4ac9f6eafc548b1454f57b4dff7e0
FileHash-SHA256,b68bf400a23b1053f54911a2b826d341f6bf87c26bea5e6cf21710ee569a7aab,SHA256 of 0738687206a88ecbee176e05e0518effa4ca4166
FileHash-SHA256,bea33fb3205319868784c028418411ee796d6ee3dfe9309f143e7e8106116a49,SHA256 of fd1cef5abe3e0c275671916a1f3a566f13489416
FileHash-SHA256,c28e4031129f3e6e5c6fbd7b1cebd8dd21b6f87a8564b0fb9ee741a9b8bc0197,SHA256 of 9676f0758c8e8d0e0d203c75b922bcd0aeaa0873
FileHash-SHA256,c56a97efd6d3470e14193ac9e194fa46d495e3dddc918219cca530b90f01d11e,SHA256 of 7a5d57c7e2b0c8ab7d60f7a7c7f4649f33fea8aa
FileHash-SHA256,d6d367453c513445313be7339666e4faeeebeae71620c187012ea5ae2901df34,SHA256 of d5971e8a3e8577dbb6f5a9aad248c842a33e7a26
FileHash-SHA256,dda8a9e2a2e415be781a39fdf41f1551af2344f1b1a0ddf921d8aeba90343d1b,SHA256 of 5933f1a20117d48985b60b10b5e42416ac00e018
FileHash-SHA256,de81e5246978775a45f3dbda43e2716aaa1b1c4399fe7d44f918fccecc4dd500,SHA256 of 8a1b32ab8c2a889985e530425ae00f4428c575cc
FileHash-SHA256,e2f177b8806923f21a93952b61aedbeb02d829a67a820a7aab5ee72512e3d646,SHA256 of 27b101707b958139c32388eb4fd79fcd133ed880
FileHash-SHA256,e74e8cdf887ae2de25590c55cb52dad66f0135ad4a1df224155f772554ea970c,SHA256 of e0e42ac374443500c236721341612865cd3d1eec
FileHash-SHA256,ea5fac3201a09c3c5c3701723ea9a5fec8bbc4f1f236463d651303f40a245452,SHA256 of 9121509d674091ce1f5f30e9a372b5dcf9bcd257
FileHash-SHA256,ec8f97d5595d92ec678ffbf5ae1f60ce90e620088927f751c76935c46aa7dc41,SHA256 of 3cc19cef767dee93588525c74fe9c1f1bf6f8007
FileHash-SHA256,fe8c0e881593cc3dfa7a66e314b12b322053c67cbc9b606d5a2c0a12f097ef69,SHA256 of 69f24956fb75beb9b93ef974d873914500e35601
FileHash-SHA256,ff8832355ae99ffd66d0fe9eda2d74efdf3ed87bb2a4c215b93ade93165f7c0b,SHA256 of e2bcdfbda85c55a4d6070c18723ba4adb7631807
hostname,cloud.dnx.capital,
hostname,crypto.hondchain.com,
